Génération,Fitness Moyenne,Fitness Maximale,Nombre d'espèces
0,533.0941893333334,2823.7986,6
1,766.1831146666666,3845.2354,6
2,808.6109680000001,3230.1305999999995,6
