Génération,Fitness Moyenne,Fitness Maximale,Nombre d'espèces
0,639.0612513333336,2976.6670000000004,2
1,809.6625446666666,2874.1933,2
2,1084.1275893333334,3293.4322000000006,2
