Génération,Fitness Moyenne,Nombre d'espèces
0,550.6349273333328,2701.9971000000005,3
1,695.3276453333333,3417.7726000000002,4
2,945.0522731543624,3906.776299999999,5
