Génération,Fitness Moyenne,Fitness Maximale,Nombre d'espèces
0,579.7083973333333,3509.1991000000007,4
1,875.6728646666669,3288.2561,4
2,1167.1530344370858,3279.7308000000003,4
